{"d:\\1.개발관련\\Claude Code Test\\connect-ai-main\\지식폴더\\10_Wiki\\웹보안\\웹애플리케이션보안가이드라인.md":{"mtime":1780278231841.102,"emb":[0.0052575227,0.028459927,-0.15897366,-0.049681332,0.040593456,0.0052618035,0.016955454,0.005549176,-0.015783388,-0.033182386,-0.026554566,0.047386374,0.04110815,-0.044486396,0.02927954,-0.0776417,0.042327918,-0.05003866,-0.031457946,0.06460718,0.025635242,0.016120972,-0.06015589,-0.061556943,-0.034728743,0.040090922,0.008542257,-0.02514546,-0.07233473,-0.014498823,0.052163493,-0.034752037,-0.006361747,-0.05665947,-0.08263932,-0.036873654,0.07718688,0.017596105,0.038833153,0.02159017,0.060122922,0.005050874,0.04965513,-0.0069239335,-0.021143766,-0.007585484,0.028896492,0.05414005,0.06613545,-0.03766687,-0.046922337,0.0095946975,-0.009261383,-0.036557075,0.007046901,0.015894748,-0.08199684,0.006274592,0.015730578,-0.023299247,0.062488608,-0.000031674906,-0.03247503,0.023607662,0.024510615,0.01197158,-0.0116533125,0.07833955,0.046877906,-0.043775372,0.01953861,-0.031179238,0.009830976,0.008369581,-0.043619815,0.0022234896,-0.0095887855,-0.009911651,0.029874047,0.039956197,0.06570565,-0.043900453,0.083693564,-0.012004401,0.05541643,0.021553546,-0.03964456,-0.007720488,-0.012824489,0.04335833,0.047804803,0.04413143,-0.022902802,0.045769375,-0.055527072,0.03637462,-0.018298525,0.039142873,-0.019656302,-0.015214109,-0.01602252,-0.041315503,0.00926703,-0.017192798,0.045600966,0.06261027,-0.0036616344,0.027114784,0.010996217,-0.025723562,-0.024862278,0.056104485,-0.029334633,0.007842371,0.06701013,0.022762086,0.047680534,-0.020346992,0.0059320335,0.032857068,0.03387022,-0.03709719,-0.023064338,0.036924385,0.02570372,-0.036990914,-0.08496606,-0.019324077,0.025173713,-0.0865325,0.009636809,0.014458686,-0.026071358,0.00860697,0.004133457,0.031211073,-0.049501352,-0.060686205,0.029194066,-0.014678909,0.025718627,0.0573193,0.024841057,-0.06671672,0.00035586464,-0.0064179255,0.034944493,-0.060846604,-0.078699864,0.019632481,-0.0026544668,-0.006442357,0.017906254,0.031717,0.008027563,-0.051163778,0.004646064,0.03186934,-0.018835464,0.052181877,-0.045989156,0.03707393,-0.06888398,0.03971217,0.020219127,0.0030017188,-0.029974746,0.012630747,-0.031644557,0.0422887,-0.08171022,-0.016703695,-0.016287422,-0.009936212,0.064847514,0.042584814,0.0664073,-0.032029208,0.0059447926,-0.025841122,0.027376624,-0.07197726,0.019160775,-0.00014630302,-0.06272485,-0.031039044,0.041334882,0.0064942017,-0.03980825,0.024037942,0.006658505,0.03635283,-0.038417947,-0.019166708,-0.047225785,-0.05949804,0.026393129,0.008662699,0.004849115,-0.054252867,-0.04155496,-0.051849227,0.011299488,0.033312935,-0.03677364,0.08292632,0.00055087474,0.037330925,-0.0046722214,0.049696114,-0.00261106,-0.027563976,0.027842283,-0.017963875,0.022439906,-0.028169971,0.008121106,-0.028237665,-0.03184263,0.00054148934,0.023093935,0.0012977017,0.024599697,-0.008907517,0.021379804,0.0638866,-0.005241896,-0.005375538,0.010837034,-0.008323628,-0.011100651,-0.0664905,0.059229005,-0.01851876,-0.023048865,0.017873473,0.025047932,0.028107857,-0.04161065,0.050145146,0.025948092,0.047906846,-0.01638967,-0.0313281,-0.057474703,-0.055254012,-0.048584726,-0.03449908,-0.007921934,0.057831857,-0.012376121,-0.010830885,0.033357453,0.039582644,0.035987496,-0.03130698,-0.037350662,0.037403382,0.027743066,0.01164335,0.010410779,-0.05154408,0.03284317,-0.038706746,-0.07752013,0.0031008373,-0.043234136,-0.018577585,0.04083177,-0.024498139,0.011099255,0.029708944,0.0030844987,0.0715785,0.0103634065,-0.02721692,0.011774975,-0.01995092,-0.047698703,0.017604852,0.02637776,-0.044215772,-0.0053228633,0.024122082,-0.0024934965,0.021076275,0.027222142,-0.013228365,0.03937442,0.044621564,0.040900655,0.013476957,0.019177675,0.023672475,0.05951273,0.029566249,0.033446636,-0.021059338,-0.0019836249,-0.026923055,0.02074395,0.042790238,0.031567317,0.010793164,0.013244356,-0.062035225,-0.0011454135,0.0063712085,0.01485217,-0.024524678,-0.04120812,-0.0071825245,-0.04366505,0.013912184,-0.026982892,0.029169234,0.05855547,0.018469531,0.059690945,0.03568017,-0.0067271404,-0.03951727,-0.028691048,-0.07640576,-0.032529186,0.06440589,0.022981651,-0.03912705,-0.010280592,-0.0022124178,-0.009597271,0.002239942,0.05904517,-0.04427922,-0.00874477,0.05486356,0.0015577042,-0.00609968,-0.015680257,0.039410274,0.08728016,0.028011352,0.0035370996,-0.04417376,0.023448072,-0.018081723,-0.03553048,0.0042769494,0.0051925485,0.010029794,0.002034813,0.00877799,-0.03565061,-0.0662638,-0.001732302,0.019230286,-0.008056456,0.030324483,-0.027506517,0.007774686,0.017726043,0.036023475,0.021491813,0.034359742,-0.020322489,0.061007056,0.058450848,-0.018673345,0.020176625,0.03147269,-0.005825106,-0.014219479,0.045111056,-0.005227134,0.019764539,0.034723762,-0.010974908,-0.025845977,-0.04704759,0.028866498,0.035919074,-0.051830437,-0.021738896,0.031964187,0.11863559,-0.06724478,0.066545,-0.01377854,0.002681199,0.033508353,0.01062869,-0.011132991,-0.015040714,0.023722218,0.0029285366,-0.01626064,0.05335657,0.027641388,-0.025257422,0.015394388,-0.0323804,-0.05807642,0.07453313,0.045384288,-0.017972577,0.008684944,-0.06093761,-0.033503614,0.044138398,-0.027100954,0.010267501,0.047178317,-0.051938,0.020838566,0.03349214,0.06340984,0.049938172,-0.011786393,-0.02044099,0.025713012,0.014342579,0.04033692,-0.018495599,-0.008735152,-0.014478343,0.05161664,0.027897853,0.032439403,0.014015138,-0.037233725,0.01636355,0.04596981,0.01895338,-0.017553506,-0.020946693,-0.022324482,-0.010407735,0.033495966,-0.032497194,0.0014402755,0.010429349,-0.011970119,-0.037554372,-0.008312206,0.027055822,0.0464554,0.03454393,-0.06971341,-0.032651193,0.040668808,0.03738652,-0.016675765,0.0010830543,0.023190124,0.032729235,-0.062199492,0.014196956,-0.0061066505,-0.0061909487,0.06574566,0.031128116,0.006665962,-0.02450459,-0.03196609,-0.0048324275,-0.006488823,-0.05995978,0.02839469,0.0118843075,0.058431134,-0.05150619,-0.006378199,0.016223904,-0.033931058,0.002129114,0.05102443,-0.05763225,0.0042565134,-0.010150624,-0.016772622,0.017957298,-0.028269276,-0.079929225,-0.03127851,0.012287182,0.020560969,0.014801214,-0.021243144,0.030879933,-0.00092558935,0.032754306,0.039604377,0.015159688,-0.0017772889,-0.035734933,-0.038995586,-0.029899191,0.055878565,0.047208603,0.020581946,0.01977587,0.03828895,-0.012818609,-0.0010480015,0.040904768,-0.01070624,0.024079897,-0.07637646,-0.012351202,0.015582273,-0.02204671,-0.02765363,-0.0034449475,0.0067757918,0.025545144,-0.0125438385,0.012007213,-0.0047300854,-0.015938886,0.0016292554,0.049011536,-0.039348822,0.021879094,-0.025341826,-0.056206465,-0.043218862,-0.009323985,-0.098165266,-0.006337172,-0.018824711,-0.012469791,-0.01314716,-0.020202594,-0.019786326,-0.032795843,-0.008245156,0.001172394,-0.00091499474,0.075533375,0.012537695,0.020382015,-0.039987575,-0.017601542,-0.015629457,-0.03299668,-0.023567742,-0.0009489948,0.019391645,-0.012384187,-0.06880861,0.03913556,-0.039523553,0.041092094,-0.063413434,0.02679677,-0.011965698,0.06841409,0.023377215,-0.02371761,-0.04938793,-0.028569091,-0.0030799527,0.017778125,0.02148483,0.006851041,-0.04098488,-0.01882179,-0.008783521,-0.014929551,0.08837593,0.034084275,-0.10942108,-0.02338415,0.036524918,-0.019179638,0.010782429,0.002758876,0.0036848148,-0.008340797,-0.018054822,-0.018790336,0.02364455,0.0072593684,0.070575446,-0.048906177,0.05175793,-0.057389975,-0.061709173,0.015546364,-0.04391994,-0.006775327,0.027953109,0.022999018,-0.032664396,0.014830145,0.010672475,0.054961972,-0.026075143,0.011609989,-0.014013404,0.029704448,0.03429734,0.044516515,-0.028181909,-0.025134163,0.041608993,-0.029185483,0.016887315,-0.011305646,-0.013161283,0.07453126,0.017460652,0.025787085,0.015969096,0.00070141343,-0.04386317,0.056042377,-0.019189624,-0.027190184,-0.036868636,0.023480602,-0.03780568,0.0475169,-0.010432988,0.0018095028,-0.0089015,0.004395554,0.024815094,-0.04091778,-0.0075921933,-0.034833476,-0.025323095,-0.0308789,-0.030984554,-0.041760243,0.012327614,-0.01576464,0.044462938,-0.0038972606,0.062504895,